pdb,water count
16gs,284
18gs,525
16gs,284
19gs,312
16gs,284
2gss,321
16gs,284
5gss,264
16gs,284
9gss,348
1a3h,360
3a3h,358
1a3h,360
6a3h,279
1bio,277
5fbe,180
1bio,277
5fbi,150
1c1o,161
1ghz,153
1c1o,161
1gi0,174
1c21,90
1c22,99
1cah,168
3caj,292
1ce5,118
1f0t,109
1ce5,118
1f0u,122
1ce5,118
1g3b,139
1ce5,118
1g3c,137
1ce5,118
1g3d,141
1ce5,118
1g3e,145
1dp0,4265
1jz3,4193
1f2w,241
4pyx,166
1f2w,241
4qtl,201
1f41,143
4tqi,181
1f41,143
5jid,170
1gd0,307
3jsg,233
1gpf,601
1ur8,667
1gpf,601
1w1t,734
1gpf,601
1w1v,653
1gqv,188
2bzz,163
1gwa,177
4ym9,160
1hkh,802
1hl7,669
1hm5,861
1koj,536
1i2s,145
1i2w,124
1j8a,378
2ah4,299
1jcz,491
1jd0,483
1jis,78
1lzc,101
1jse,101
1ljn,114
1kv8,397
1xbv,393
1kw3,294
1kw6,289
1l90,108
2ray,205
1lpu,275
1lp4,232
1lz7,250
1r80,142
1lzd,68
1lze,90
1mop,447
1n2e,385
1mop,447
3le8,475
1ozm,337
1ozq,357
1pvf,200
1x84,128
1pw2,202
1pxi,224
1pw2,202
2a0c,108
1pw2,202
3ql8,139
1pw2,202
3ql8,139
1pw2,202
3qqk,159
1pw2,202
3qql,228
1pw2,202
3qtw,119
1pw2,202
3qu0,136
1pw2,202
3qwk,166
1pw2,202
3qx4,137
1pw2,202
3qzh,167
1pw2,202
3r1q,167
1pw2,202
3r7e,170
1pw2,202
3r7v,160
1pw2,202
3r8v,162
1pw2,202
3r9d,114
1pw2,202
3rjc,128
1pw2,202
3rk9,165
1pw2,202
3rm7,152
1pw2,202
3rni,110
1pw2,202
3unj,198
1pw9,409
2orj,501
1pw9,409
2os9,482
1qxj,239
1qxr,125
1qxj,239
1qy4,180
1rgh,264
1rge,246
1sar,195
2sar,158
1sml,271
5hh5,240
1sp5,134
1d4h,105
1sp5,134
1d4i,110
1sp5,134
1ec0,99
1sp5,134
1iiq,291
1sp5,134
1w5v,107
1sp5,134
1w5w,117
1sp5,134
1w5x,110
1sp5,134
1xl5,196
1sp5,134
2pwc,145
1sp5,134
3bgb,124
1t99,295
1zha,373
1tgc,87
1qbo,113
1tgc,87
2zdl,157
1tgc,87
2zft,168
1tje,275
1tky,214
1tks,611
1tku,632
1u0e,944
1u0f,753
1ufk,83
2zbr,143
1uj4,264
1uj6,291
1utq,245
4mtb,304
1vat,86
4baf,123
1xza,146
1xzc,146
1yfu,129
4i3p,63
1yxc,603
2ats,625
1z5r,983
2piy,888
1z8k,716
2dio,365
1zah,1825
1zaj,2157
1zal,1588
1zai,1832
1zcr,130
3cfn,178
1zcr,130
3fcb,141
1zcr,130
3gs4,125
1zd6,129
3cft,131
1zd6,129
4der,114
1zd6,129
4ikl,134
1zhr,271
4cr9,280
1zhr,271
4cra,202
1zja,1651
2pwd,1299
2a0k,416
2f2t,380
2afz,568
2afx,570
2ax2,212
3oim,278
2ax2,212
3oku,312
2ax2,212
5n24,276
2ax2,212
5ty8,315
2b3h,377
2gz5,258
2bit,347
3r49,244
2bit,347
3r57,347
2bit,347
3rcl,332
2but,207
2bur,249
2but,207
2buu,233
2but,207
2buv,215
2but,207
2buw,234
2bux,215
2buz,215
2bux,215
2bv0,232
2cbb,175
3m40,228
2cbb,175
3m5e,319
2cbb,175
3n4b,241
2cbb,175
3rz5,190
2cbb,175
5u0d,250
2d23,726
2d20,800
2d4m,119
3trn,96
2dvt,1201
2dvx,1065
2eb7,106
3gf2,139
2ejd,836
2bja,730
2ex2,321
2ex8,303
2fbd,290
2h5z,168
2g4g,121
5boj,221
2g55,128
1qcp,196
2h68,533
2h6q,448
2hk6,364
2q2n,232
2hnx,141
5y0f,102
2hnx,141
5y0g,96
2hpo,1098
2zxg,1001
2ili,290
5ny6,258
2iy6,1105
2bhp,1113
2iy6,1105
2ehu,956
2iy6,1105
2eii,951
2j12,283
2wbw,371
2j9n,190
3gy2,318
2j9n,190
3gy5,309
2mat,91
1c27,76
2nmo,138
2nn8,169
2nmo,138
6b8k,168
2nmo,138
6qgf,189
2oss,184
4f3i,165
2oss,184
5e0r,118
2oup,416
2oun,395
2oxu,212
3f1a,246
2oxu,212
6eox,194
2oxw,173
3f17,231
2oxw,173
3f18,259
2oxz,106
3ehx,150
2oxz,106
3ehy,135
2oxz,106
3lk8,152
2oxz,106
3lka,136
2oxz,106
3rts,150
2oxz,106
3rtt,90
2pho,223
3mfv,325
2q1p,148
4qf7,187
2qgb,150
2qge,145
2qgb,150
3cn4,116
2qgb,150
3esp,159
2rcq,154
2rct,160
2rfw,687
2rfy,1132
2ri6,144
2rht,166
2tga,88
1qbo,113
2tga,88
2zdk,214
2tga,88
2zq1,166
2vb9,1750
2vb8,2071
2vk5,693
2bf6,477
2vva,341
3m2n,338
2vva,341
3n0n,288
2vva,341
3n3j,359
2vva,341
3p3h,345
2vva,341
3po6,304
2vva,341
3t5z,346
2vva,341
4qsa,241
2vva,341
4rn4,235
2vva,341
4z1n,193
2vva,341
5e2s,328
2vva,341
5ty9,302
2vva,341
5tya,315
2vva,341
5u0g,255
2vvb,268
3n2p,206
2vvb,268
5ty1,309
2x0a,120
6ciw,46
2y8n,1815
2yaj,1654
2ya4,726
2ya8,817
2yav,1271
2yax,461
2yvm,126
2yvo,133
2yvm,126
2yvp,133
2z4u,483
2qes,451
2z94,362
2z3c,214
2z94,362
3szn,389
2z9g,442
2gx4,213
2z9g,442
2hob,250
2z9g,442
2zu4,138
2zco,406
3acw,237
2zhv,242
5uyu,342
2zq7,470
2zqa,429
2ztx,172
2zu3,171
3a71,516
3a72,525
3at2,353
6a1c,170
3atk,279
1bjv,164
3atk,279
3a7t,357
3atk,279
3a7v,379
3atk,279
3a7w,356
3atk,279
3a7y,363
3atk,279
3a7z,289
3atk,279
3a81,362
3atk,279
3a82,237
3atk,279
3a83,347
3atk,279
3a84,298
3atk,279
3a87,323
3atk,279
3a88,307
3atk,279
3a89,377
3atk,279
3a8b,280
3atk,279
3aau,240
3atk,279
3ati,263
3atk,279
3atm,301
3atk,279
3rxb,371
3atk,279
3rxd,295
3atk,279
3rxj,286
3atk,279
3rxm,315
3atk,279
3rxs,262
3atk,279
3rxt,272
3ava,184
4cjt,139
3avc,132
4ceb,137
3avc,132
4cec,175
3avc,132
4ced,155
3avc,132
4cef,141
3avc,132
4ceq,160
3avc,132
4cer,172
3avc,132
4cez,192
3avc,132
4cgh,115
3avc,132
4cho,112
3avc,132
4cju,142
3avc,132
4ck1,127
3avc,132
4ovl,135
3avh,144
4chp,112
3avk,137
4cf8,141
3avl,148
4cee,142
3avl,148
4ceo,127
3avl,148
4ces,141
3avl,148
4cf0,107
3avl,148
4cf1,110
3avl,148
4cf2,75
3avl,148
4cfb,99
3avl,148
4cfc,111
3avl,148
4cif,157
3avl,148
4cj5,100
3avl,148
4cjw,82
3aws,328
5z0h,358
3ax0,317
5z0i,358
3azy,691
3b00,683
3b2x,1107
2zxg,1001
3b2x,1107
5yq1,603
3b2x,1107
5yq2,789
3b2x,1107
5yqb,841
3cfm,218
4tq8,183
3cfm,218
4tqp,252
3cfm,218
5l4j,148
3cfm,218
5l4m,182
3csr,100
3csz,111
3csr,100
3ct0,94
3d7p,150
3fc8,93
3d92,288
4yx4,236
3d92,288
4yxo,218
3d92,288
4yyt,232
3d92,288
6gdc,235
3d92,288
6gm9,271
3d93,305
3hs4,279
3d93,305
4ww6,236
3d93,305
5drs,225
3d93,305
5nxw,321
3dai,154
5a5n,154
3dai,154
5a5q,203
3dai,154
5a82,119
3dai,154
6hdn,151
3dg9,298
3ip8,265
3do0,175
3fgd,281
3f32,190
1xz3,168
3f32,190
3f33,188
3f32,190
3f34,177
3f32,190
3f36,153
3f74,618
3f78,551
3fke,198
4ibg,179
3fke,198
4ibi,202
3fyd,311
3grr,202
3gke,803
3gl0,822
3gmz,375
3mfw,430
3gno,449
3gnr,447
3gz0,219
4z1k,256
3gz0,219
6b4d,315
3hre,838
3hlw,626
3id7,389
3k5x,414
3iju,67
1lzb,91
3ioh,349
6gx0,395
3jvj,101
3mul,126
3k7k,201
3hku,324
3k7k,201
3nb5,127
3k7k,201
4m2r,53
3k7k,201
4m2u,93
3k7k,201
4qsi,175
3k7k,201
5eij,92
3k7k,201
5lle,179
3kgs,177
4n87,84
3kgs,177
4qrf,75
3kok,213
3ryz,377
3kok,213
3s9t,291
3kok,213
3zp9,149
3kok,213
4mdg,262
3kok,213
4z0q,195
3kok,213
5eh8,233
3kok,213
5ehw,304
3kok,213
5n1r,312
3kok,213
5n1s,315
3kok,213
5ny3,320
3kok,213
5vgy,288
3kok,213
6oe0,317
3kok,213
6oe1,315
3kon,201
3sbi,320
3kon,201
4z1n,193
3lrf,493
3u0e,444
3m1j,183
6ebe,41
3m1j,183
6eda,41
3mi1,1366
3mfl,1041
3mjl,240
3thh,214
3mjl,240
4fck,230
3nv1,172
3nv3,130
3onv,621
3ut6,502
3p1d,151
4a9k,246
3p8y,434
3reu,274
3p8y,434
3rex,346
3pb6,306
3pb8,394
3ptb,62
1tx7,85
3q0e,611
1mb4,449
3q2o,349
3qff,266
3q6q,660
3pa2,671
3q6q,660
3q3a,634
3qmp,467
6rvg,265
3qnv,261
3v7z,332
3qyu,120
3rci,277
3qyu,120
4zsc,91
3qyu,120
4zsd,93
3r54,431
3r56,309
3r54,431
3rck,212
3r54,431
3rd9,437
3r54,431
4j58,351
3r54,431
4j5d,342
3rcg,492
3r4g,372
3rcg,492
4j5c,310
3rcg,492
4j5e,393
3row,517
3s20,429
3rt5,79
3a34,113
3rt5,79
3ems,113
3rxr,298
3aau,240
3rzy,128
3p6d,206
3rzy,128
3p6e,155
3rzy,128
3p6h,154
3s0a,140
3s0d,152
3s76,297
3oys,173
3s76,297
3rz1,269
3s76,297
3v5g,393
3s76,297
4kuw,297
3s76,297
4kv0,312
3s76,297
4q81,187
3sza,1065
3szb,1114
3tot,278
3tou,304
3twa,1869
3twb,1837
3u90,158
3rav,177
3u9h,347
3p0q,319
3u9h,347
4bu5,435
3u9h,347
4bu6,365
3u9h,347
4bu8,428
3u9h,347
4buv,366
3u9h,347
4ufy,404
3u9h,347
4uhg,486
3u9h,347
4ux4,334
3u9h,347
5al1,359
3u9h,347
5al3,304
3us3,374
3trq,461
3vih,665
3vif,613
3w3b,128
4ikk,118
3wc6,329
3wc5,315
3wc6,329
5j1q,199
3wmz,173
3wn0,351
3zsl,260
4bli,237
3zsl,260
6g0v,200
4ank,93
4act,114
4b4j,143
3ato,101
4d4y,226
4d5h,211
4dpx,527
4dpu,451
4drr,281
4drv,279
4drr,281
4ds0,250
4e5q,121
2q1q,159
4e5q,121
3mhc,211
4e5q,121
3mhi,278
4e5q,121
3r17,261
4e5q,121
4kuy,331
4e5q,121
4rfc,50
4e5q,121
4rfd,133
4e5q,121
4ruz,253
4e5q,121
5dog,281
4e5q,121
5sz0,160
4e5q,121
5sz3,219
4eci,169
4ecj,172
4ee9,473
4m24,586
4eus,1276
4yx9,1137
4foq,572
4fph,560
4foq,572
4fpj,501
4g8d,597
4g8b,645
4gfs,183
4gui,218
4glf,151
4glj,128
4gwa,959
4hap,1089
4gwc,78
4fci,247
4i15,393
6fe3,456
4i64,542
4i6w,626
4ifu,157
4ifz,152
4ihm,373
4iav,300
4ijo,99
3n2u,143
4ioo,159
4pci,129
4j1b,118
2htx,115
4j27,1057
4jl1,1013
4js6,201
4jsa,186
4jsw,65
4jsz,143
4jxq,502
4jxr,548
4kws,2795
3qke,2366
4l55,221
1w4o,175
4l55,221
1w4q,284
4l6a,276
4nfl,296
4l6a,276
4yik,236
4lfp,119
1uih,66
4lfp,119
2hu1,80
4lyc,130
4xad,184
4mlx,189
4q87,182
4mlx,189
4q8x,170
4mnt,229
6af5,198
4mnt,229
6afa,135
4mnt,229
6aff,189
4mnt,229
6afl,183
4n1q,254
6gji,171
4n85,125
1y1d,146
4n85,125
3b56,175
4ngj,162
6ro3,116
4ngy,145
5b5j,210
4ojv,232
4ojx,201
4onl,185
4onm,196
4opy,117
4oqh,337
4owc,99
3qng,93
4p0h,313
2ooh,300
4p34,249
4ogf,101
4pc1,1300
4pc3,993
4phj,375
4wq2,129
4plu,343
4oyq,151
4poe,307
4n9s,426
4poe,307
4n9v,473
4pwe,172
4pwi,120
4pwe,172
4y9c,149
4pym,269
3u81,260
4q7p,143
2hnc,197
4q7p,143
2qoa,327
4q7p,143
3hkq,86
4q7p,143
3oy0,171
4q7p,143
3p3j,188
4q7p,143
3v2j,84
4q7p,143
4ht0,260
4q7p,143
4lhi,217
4q7p,143
4q83,177
4q7p,143
4zx0,281
4q7p,143
6got,121
4q7s,81
2wd3,273
4q7s,81
3bl0,187
4q7s,81
3hkn,89
4q7s,81
3m2x,177
4q7s,81
3m67,150
4q7s,81
3ml2,172
4q7s,81
3mnu,270
4q7s,81
3rz7,285
4q7s,81
3rz8,269
4q7s,81
3sap,187
4q7s,81
3t5u,253
4q7s,81
3t83,277
4q7s,81
4kni,180
4q7s,81
4pyy,282
4q7s,81
4qjm,270
4q7s,81
5n0e,234
4q7s,81
5nee,278
4q8z,211
5n25,310
4q90,187
2fmz,152
4q90,187
3hlj,209
4q90,187
5sz2,190
4q90,187
5w8b,151
4q90,187
5wg7,152
4q90,187
6b59,155
4q99,187
3m96,225
4q99,187
4qsb,206
4q9y,200
2gd8,281
4q9y,200
3mhm,289
4q9y,200
3mmf,279
4q9y,200
3mzc,299
4q9y,200
3p58,265
4q9y,200
3p5l,172
4q9y,200
3qyk,235
4q9y,200
3v2m,178
4q9y,200
4dz7,207
4q9y,200
4dz9,182
4q9y,200
4q8y,199
4q9y,200
4zwy,278
4q9y,200
5ehe,212
4qsq,214
4tte,199
4qsq,214
4tu4,97
4qsq,214
5epb,181
4qsu,198
4tyl,239
4qsu,198
6s57,110
4r36,414
4r37,488
4r8r,649
4r8s,629
4u6j,497
2nq6,294
4u6j,497
4ikt,134
4u6j,497
4u69,268
4u76,135
4u6z,215
4u76,135
5yr4,155
4w7u,203
4w7v,255
4who,888
3mfl,1041
4who,888
3mv6,933
4wl7,62
6pbb,65
4wm2,128
4xen,150
4xik,648
4xe9,658
4xik,648
4xil,521
4xik,648
4xj9,533
4xik,648
4xja,542
4xik,648
4xju,604
4xjz,588
4xjw,632
4ygn,134
3ryv,300
4ygn,134
3ryy,302
4yt8,214
4yt5,147
4z9y,835
4za2,585
4zao,168
5jmz,160
4zao,168
6e8p,79
4zao,168
6eeo,24
4zup,889
4zum,896
4zup,889
4zun,816
4zup,889
4zuo,956
5av1,239
5auv,238
5av1,239
5aux,237
5av1,239
5av2,211
5b05,125
3txe,120
5bvu,538
5bx2,592
5bvu,538
5bx4,578
5ch3,251
5tyk,246
5cn3,146
5jim,165
5cnh,132
4wnj,169
5cnh,132
5e23,191
5cnh,132
5e4a,189
5cnh,132
5e4o,104
5cnh,132
5hjg,162
5cnh,132
5jiq,166
5cnh,132
5l4f,185
5cnh,132
5l4i,209
5d2g,278
5d2h,251
5d30,241
6dnj,266
5dsm,297
3l14,287
5dso,311
5e28,305
5dso,311
5ekh,253
5dso,311
5ekm,223
5dso,311
5nea,339
5dso,311
6h3q,241
5dsp,352
3ryj,306
5dsp,352
3s8x,241
5dsp,352
4rh2,314
5e9m,139
4ir5,203
5e9m,139
4ir6,177
5e9m,139
4nra,163
5e9m,139
4xua,173
5e9m,139
5e74,110
5e9m,139
5l8u,123
5eav,534
5e3k,778
5eoi,318
3bet,287
5eoi,318
4xe1,217
5eoi,318
5fdc,259
5eoi,318
5fdi,216
5f6e,255
5f6y,178
5gpi,492
5zms,376
5hcl,243
4c67,227
5hcl,243
4o72,188
5hcl,243
4o7b,137
5hcl,243
5f63,193
5hcl,243
5kj0,143
5hgn,120
5hgp,119
5hgn,120
6es8,100
5hmj,82
6f2i,152
5id8,676
5ida,705
5ipb,239
5kma,273
5jmg,235
4g8y,234
5k2n,129
4bad,131
5k2n,129
6f2j,163
5k7m,486
5il1,312
5la5,68
1t3p,156
5lll,200
5ihh,193
5lu0,1163
6f4x,882
5mtd,277
5mte,262
5mzw,1085
5mzy,868
5n8a,110
4r4q,92
5nf7,149
1kjr,179
5nfc,141
3t1l,90
5nfc,141
4jc1,91
5nfc,141
4lbo,93
5nfc,141
5h9r,113
